-- ============================================
-- SEED DATA — generated by scripts/seed.mjs
-- ============================================

-- Clear existing seed data (idempotent)
DELETE FROM user_to_groups;
DELETE FROM point_transactions;
DELETE FROM user_points;
DELETE FROM user_stats;
DELETE FROM permission_groups;
DELETE FROM users;

-- ==================
-- Users
-- ==================
INSERT INTO users (id, email, name, role, password_hash, created_at, updated_at) VALUES
  ('seed_admin_001', 'admin@example.com', 'Dev Admin', 'admin', '7bf965c301c59da5365829331f6d169c:c732dbe53a9f54f30c8f96fed9e4f64406866a7a70c7a6cfa5c381e2a0cabd0f', 1772508497778, 1772508497778),
  ('seed_mod_001',   'mod@example.com',   'Dev Mod',   'mod',   '3bf353dc8641bb79646ba399ddcd0a3a:0193412b03ba08dab2fb4dd8616900f86f676da613ebcec2b337789ee2701edb',   1772508497778, 1772508497778),
  ('seed_user_001',  'user@example.com',  'Dev User',  'user',  'b6f5fb42d4c82156c731f6a9ba333636:30a866b47fc7ff341b689d68a01b7ae11ad28e057a1f19cc1ae24216346766dc',  1772508497778, 1772508497778);

-- ==================
-- Permission Groups
-- ==================
INSERT INTO permission_groups (id, name, permissions, created_at) VALUES
  ('seed_grp_creator',  'Standard Creator', '["game:create","game:edit"]', 1772508497778),
  ('seed_grp_supermod', 'Super Mod',        '["game:all","user:moderate","points:grant","xp:grant"]', 1772508497778);

-- ==================
-- User ↔ Group assignments
-- ==================
-- Mod gets Super Mod group
INSERT INTO user_to_groups (user_id, group_id) VALUES
  ('seed_mod_001', 'seed_grp_supermod');

-- Regular user gets Standard Creator group
INSERT INTO user_to_groups (user_id, group_id) VALUES
  ('seed_user_001', 'seed_grp_creator');

-- ==================
-- User Points (init balances)
-- ==================
INSERT INTO user_points (user_id, balance, point_limit) VALUES
  ('seed_admin_001', 0, 10000),
  ('seed_mod_001',   0, 10000),
  ('seed_user_001',  500, 10000);

-- ==================
-- User Stats / XP
-- ==================
INSERT INTO user_stats (user_id, current_xp, current_level) VALUES
  ('seed_admin_001', 0, 1),
  ('seed_mod_001',   0, 1),
  ('seed_user_001',  250, 1);
